{"iter": 5000, "train/loss": 0.6384934206509278, "val/loss": 1.851003335037896, "lr": 0.0001, "mfu": 0.21414021306942807, "_timestamp": 1718103117.284481, "_runtime": 1812.4190800189972, "_step": 50, "_wandb": {"runtime": 1812}}