{"iter": 5000, "train/loss": 3.2189688682556152, "val/loss": 4.851945877075195, "lr": 0.0001, "mfu": 0.3304915653190616, "_timestamp": 1717772851.0500748, "_runtime": 929.2762548923492, "_step": 20, "_wandb": {"runtime": 929}}