{"iter": 5000, "train/loss": 1.1127650741577149, "val/loss": 1.5604080093383788, "lr": 0.0001, "mfu": 0.08943359943976348, "_timestamp": 1718103015.486448, "_runtime": 1649.0312571525574, "_step": 50, "_wandb": {"runtime": 1648}}